family	category	distinct_seen	distinct_code	distinct_structure	panics	first_bad_seed
window-op	borrow-lifetimes	200000	144	12	0	None
error-handling	error-handling	200000	330	30	0	None
err-chain	error-handling	199997	288	24	0	None
stack-machine	pattern-matching	200000	240	40	0	None
expr-tree	pattern-matching	199922	432	18	0	None
seq-transform	iterators	200000	648	48	0	None
grid-reduce	data-structures	199982	72	12	0	None
trait-impl	traits-generics	200000	720	20	0	None
bit-ops	bit-manipulation	200000	3840	20	0	None
bitset	bit-sets	200000	20	10	0	None
raw-ptr	unsafe-core	200000	120	20	0	None
raw-ptr-mut	unsafe-core	200000	80	16	0	None
rle	run-encoding	200000	20	10	0	None
str-transform	string-processing	200000	144	24	0	None
dual-region	borrow-lifetimes	200000	72	12	0	None
generic-select	traits-generics	200000	96	16	0	None
checked-eval	error-handling	199989	144	12	0	None
idiom-loop	idiom-refactor	200000	96	16	0	None
idiom-counter	idiom-refactor	200000	72	12	0	None
interval-map	data-structures	200000	20	10	0	None
matrix	linear-algebra	200000	20	10	0	None
value-tree	recursion	199255	20	10	0	None
fsm	automata	200000	20	10	0	None
poly	polynomials	200000	20	10	0	None
digits	digit-arithmetic	200000	20	10	0	None
parity	slice-aggregates	200000	20	10	0	None
minmax	order-statistics	200000	20	10	0	None
sorted	sequence-order	200000	20	10	0	None
gcd	number-theory	200000	20	10	0	None
collatz	integer-orbits	199999	20	10	1	Some(16402579194654151462)
primes	factorization	200000	20	10	0	None
base-convert	base-representation	200000	20	10	0	None
fib	recurrence	199951	20	10	0	None
digitroot	digit-reduction	200000	20	10	0	None
hamming	bit-comparison	200000	20	10	0	None
modpow	modular-arithmetic	200000	20	10	0	None
luhn	checksums	200000	1	10	0	None
roman	roman-numerals	200000	1	10	0	None
vector-geometry	plane-geometry	200000	1	10	0	None
rational	rational-arithmetic	200000	1	10	0	None
datecalc	calendar	200000	20	10	0	None
text-stats	text-analysis	200000	20	10	0	None
bisect	sorted-queries	200000	20	10	0	None
clock	clock-arithmetic	200000	20	10	0	None
coins	coin-change	200000	20	10	0	None
triangle	triangle-geometry	200000	20	10	0	None
complex-plane	gaussian-plane	200000	20	10	0	None
temp-scale	unit-conversion	199999	20	10	0	None
letter-grade	threshold-grading	199928	20	10	0	None
duration	time-decomposition	200000	20	10	0	None
ordinal	number-formatting	199996	20	10	0	None
angles	angular-measure	200000	20	10	0	None
rectangle	rectangle-geometry	200000	20	10	0	None
pitch	pitch-class	200000	20	10	0	None
caesar	classical-cipher	200000	1	10	0	None
hex-color	color-parsing	200000	20	10	0	None
brackets	bracket-balance	200000	20	10	0	None
morse	signal-codes	73321	20	10	0	None
perms	unix-permissions	200000	20	10	0	None
scrabble	letter-values	200000	20	10	0	None
columns	bijective-numeration	200000	20	10	0	None
playing-card	card-games	198782	20	10	0	None
dice	dice-games	194723	20	10	0	None
text-wrap	line-layout	200000	20	10	0	None
golf	golf-scoring	197624	20	10	0	None
tennis	tennis-scoring	164475	20	10	0	None
chess	chess-values	194798	20	10	0	None
triangular	figurate-numbers	200000	20	10	0	None
parking	metered-parking	200000	20	10	0	None
streaks	streak-analysis	199069	20	10	0	None
timezone	timezones	199999	20	10	0	None
borrow-fix	borrow-checking	200000	20	10	0	None
generic-bounds	trait-bounds	200000	20	10	0	None
pointer-slice	pointer-boundary	200000	20	10	0	None
poll-future	future-machinery	199996	10	10	0	None
perf-refactor	allocation-discipline	199998	10	10	0	None
ref-cell	interior-mutability	200000	10	10	0	None
iter-machine	custom-iterators	114348	20	10	0	None
convert-trait	convert-traits	199990	10	10	0	None
raii-guard	drop-semantics	199582	10	10	0	None
deref-wrap	smart-pointers	200000	10	10	0	None
dyn-shapes	trait-objects	10	10	10	0	None
enum-match	pattern-matching	200000	10	10	0	None
closure-pipe	higher-order-functions	200000	10	10	0	None
cow-str	clone-on-write	200000	10	10	0	None
atomics-order	atomic-semantics	200000	10	10	0	None
varint-wire	wire-format	200000	10	10	0	None
ring-buffer	circular-indexing	198986	10	10	0	None
binary-heap	heap-indexing	198890	10	10	0	None
bloom-filter	membership-sketch	199774	10	10	0	None
lru-cache	recency-tracking	199002	10	10	0	None
trie	prefix-indexing	199991	10	10	0	None
token-bucket	rate-limiting	199999	10	10	0	None
base64-codec	wire-encoding	192350	10	10	0	None
moving-average	window-aggregate	199993	10	10	0	None
histogram-bucket	bucket-aggregate	199792	10	10	0	None
gray-code-counter	numeric-encoding	200000	10	10	0	None
union-find	disjoint-set	200000	7	10	0	None
monotonic-window	sliding-minimum	200000	7	10	0	None
topk-stream	bounded-selection	200000	9	10	0	None
median-maintenance	running-median	200000	8	10	0	None
count-min-sketch	frequency-estimate	200000	8	10	0	None
prefix-sum-fenwick	partial-sums	199999	8	10	0	None
slot-pool	resource-allocation	192370	10	10	0	None
skip-list	layered-indexing	200000	10	10	0	None
rank-select	bitmap-ordering	192555	10	10	0	None
two-stack-queue	amortized-queue	192244	9	10	0	None
segment-tree	range-dominance	199999	8	10	0	None
